{"cameraMode":{"drawMode":0,"name":"Shaded","section":"Shading Mode"},"sceneLighting":true,"audioPlay":false,"sceneViewState":{"showFog":true,"showMaterialUpdate":false,"showSkybox":true,"showFlares":true,"showImageEffects":true,"showParticleSystems":true},"in2DMode":false,"pivot":{"x":0.8890876770019531,"y":-22.699996948242189,"z":34.900001525878909},"rotation":{"x":0.22167399525642396,"y":0.11030524969100952,"z":-0.025242820382118226,"w":0.9685330390930176},"size":139.08221435546876,"orthographic":true}