{"cameraMode":{"drawMode":0,"name":"Shaded","section":"Shading Mode"},"sceneLighting":true,"audioPlay":false,"sceneViewState":{"showFog":true,"showMaterialUpdate":false,"showSkybox":true,"showFlares":true,"showImageEffects":true,"showParticleSystems":true},"in2DMode":false,"pivot":{"x":-13.603886604309082,"y":-8.836068153381348,"z":22.7591552734375},"rotation":{"x":-0.3100607395172119,"y":0.2560737729072571,"z":-0.08711482584476471,"w":-0.9114271998405457},"size":38.34391784667969,"orthographic":false}