{"cameraMode":{"drawMode":0,"name":"Shaded","section":"Shading Mode"},"sceneLighting":true,"audioPlay":false,"sceneViewState":{"showFog":true,"showMaterialUpdate":false,"showSkybox":true,"showFlares":true,"showImageEffects":true,"showParticleSystems":true},"in2DMode":false,"pivot":{"x":-0.023812532424926759,"y":0.0,"z":0.024027585983276368},"rotation":{"x":-0.08811843395233154,"y":0.8979046940803528,"z":-0.21005812287330628,"w":-0.37666696310043337},"size":4.194014549255371,"orthographic":false}