{"cameraMode":{"drawMode":0,"name":"Shaded","section":"Shading Mode"},"sceneLighting":true,"audioPlay":false,"sceneViewState":{"showFog":true,"showMaterialUpdate":false,"showSkybox":true,"showFlares":true,"showImageEffects":true,"showParticleSystems":true},"in2DMode":false,"pivot":{"x":-0.007740139961242676,"y":-40.79380798339844,"z":-0.053082942962646487},"rotation":{"x":0.2702547311782837,"y":0.07443062216043472,"z":-0.020949626341462137,"w":0.9596789479255676},"size":154.43492126464845,"orthographic":true}