{"cameraMode":{"drawMode":0,"name":"Shaded","section":"Shading Mode"},"sceneLighting":true,"audioPlay":false,"sceneViewState":{"showFog":true,"showMaterialUpdate":false,"showSkybox":true,"showFlares":true,"showImageEffects":true,"showParticleSystems":true},"in2DMode":false,"pivot":{"x":-15.46062183380127,"y":-12.384744644165039,"z":9.351213455200196},"rotation":{"x":-0.26000717282295229,"y":0.44816499948501589,"z":-0.13805018365383149,"w":-0.8440892100334168},"size":24.955827713012697,"orthographic":false}