{"cameraMode":{"drawMode":0,"name":"Shaded","section":"Shading Mode"},"sceneLighting":true,"audioPlay":false,"sceneViewState":{"showFog":true,"showMaterialUpdate":false,"showSkybox":true,"showFlares":true,"showImageEffects":true,"showParticleSystems":true},"in2DMode":false,"pivot":{"x":0.720378041267395,"y":-20.10845947265625,"z":-0.9084622859954834},"rotation":{"x":0.2095593363046646,"y":-0.05774668976664543,"z":0.012410766445100308,"w":0.9760103821754456},"size":37.703346252441409,"orthographic":true}